-- MySQL dump 10.13  Distrib 5.5.35, for debian-linux-gnu (x86_64)
--
-- Host: localhost    Database: db_tanah
-- ------------------------------------------------------
-- Server version	5.5.35-0ubuntu0.13.10.2

/*!40101 SET @OLD_CHARACTER_SET_CLIENT=@@CHARACTER_SET_CLIENT */;
/*!40101 SET @OLD_CHARACTER_SET_RESULTS=@@CHARACTER_SET_RESULTS */;
/*!40101 SET @OLD_COLLATION_CONNECTION=@@COLLATION_CONNECTION */;
/*!40101 SET NAMES utf8 */;
/*!40103 SET @OLD_TIME_ZONE=@@TIME_ZONE */;
/*!40103 SET TIME_ZONE='+00:00' */;
/*!40014 SET @OLD_UNIQUE_CHECKS=@@UNIQUE_CHECKS, UNIQUE_CHECKS=0 */;
/*!40014 SET @OLD_FOREIGN_KEY_CHECKS=@@FOREIGN_KEY_CHECKS, FOREIGN_KEY_CHECKS=0 */;
/*!40101 SET @OLD_SQL_MODE=@@SQL_MODE, SQL_MODE='NO_AUTO_VALUE_ON_ZERO' */;
/*!40111 SET @OLD_SQL_NOTES=@@SQL_NOTES, SQL_NOTES=0 */;

--
-- Table structure for table `filter`
--

DROP TABLE IF EXISTS `filter`;
/*!40101 SET @saved_cs_client     = @@character_set_client */;
/*!40101 SET character_set_client = utf8 */;
CREATE TABLE `filter` (
  `id_filter` int(11) NOT NULL AUTO_INCREMENT,
  `kode_filter` varchar(30) NOT NULL DEFAULT '',
  `filter` char(20) DEFAULT NULL,
  PRIMARY KEY (`id_filter`)
) ENGINE=InnoDB AUTO_INCREMENT=6 DEFAULT CHARSET=latin1;
/*!40101 SET character_set_client = @saved_cs_client */;

--
-- Dumping data for table `filter`
--

LOCK TABLES `filter` WRITE;
/*!40000 ALTER TABLE `filter` DISABLE KEYS */;
INSERT INTO `filter` VALUES (1,'','- Select -'),(2,'harga asc','Harga Terrendah'),(3,'harga desc','Harga Tertinggi'),(4,'kota asc','Lokasi A > Z'),(5,'kota desc','Lokasi Z > A');
/*!40000 ALTER TABLE `filter` ENABLE KEYS */;
UNLOCK TABLES;

--
-- Table structure for table `foto`
--

DROP TABLE IF EXISTS `foto`;
/*!40101 SET @saved_cs_client     = @@character_set_client */;
/*!40101 SET character_set_client = utf8 */;
CREATE TABLE `foto` (
  `id_foto` char(36) NOT NULL,
  `id_iklan` char(36) DEFAULT NULL,
  `url` varchar(255) DEFAULT NULL,
  PRIMARY KEY (`id_foto`),
  KEY `id_iklan` (`id_iklan`),
  CONSTRAINT `foto_ibfk_1` FOREIGN KEY (`id_iklan`) REFERENCES `iklan` (`id_iklan`)
) ENGINE=InnoDB DEFAULT CHARSET=latin1;
/*!40101 SET character_set_client = @saved_cs_client */;

--
-- Dumping data for table `foto`
--

LOCK TABLES `foto` WRITE;
/*!40000 ALTER TABLE `foto` DISABLE KEYS */;
INSERT INTO `foto` VALUES ('1dc9faaf-bc1e-11e3-91c0-00266cdff851','1d192dab-bc1e-11e3-91c0-00266cdff851','/images/upload/1d192dab-bc1e-11e3-91c0-00266cdff851.jpg'),('a9864f50-bc27-11e3-91c0-00266cdff851','a96e000f-bc27-11e3-91c0-00266cdff851','/images/upload/a96e000f-bc27-11e3-91c0-00266cdff851.jpg');
/*!40000 ALTER TABLE `foto` ENABLE KEYS */;
UNLOCK TABLES;

--
-- Table structure for table `iklan`
--

DROP TABLE IF EXISTS `iklan`;
/*!40101 SET @saved_cs_client     = @@character_set_client */;
/*!40101 SET character_set_client = utf8 */;
CREATE TABLE `iklan` (
  `id_iklan` char(36) NOT NULL,
  `id_tipe_iklan` char(1) DEFAULT NULL,
  `kode_kota` char(4) DEFAULT NULL,
  `alamat` varchar(250) DEFAULT NULL,
  `luas` varchar(50) DEFAULT NULL,
  `harga` double DEFAULT NULL,
  `deskripsi` text,
  `nama` varchar(50) DEFAULT NULL,
  `Email` varchar(50) DEFAULT NULL,
  `telp` char(14) DEFAULT NULL,
  `pinBB` char(8) DEFAULT NULL,
  `status` tinyint(1) DEFAULT '0',
  `tgl_upload` date DEFAULT NULL,
  PRIMARY KEY (`id_iklan`),
  KEY `id_tipe_iklan` (`id_tipe_iklan`),
  KEY `kode_kota` (`kode_kota`),
  CONSTRAINT `iklan_ibfk_1` FOREIGN KEY (`id_tipe_iklan`) REFERENCES `tipe_iklan` (`id_tipe_iklan`),
  CONSTRAINT `iklan_ibfk_2` FOREIGN KEY (`kode_kota`) REFERENCES `kota` (`kode_kota`)
) ENGINE=InnoDB DEFAULT CHARSET=latin1;
/*!40101 SET character_set_client = @saved_cs_client */;

--
-- Dumping data for table `iklan`
--

LOCK TABLES `iklan` WRITE;
/*!40000 ALTER TABLE `iklan` DISABLE KEYS */;
INSERT INTO `iklan` VALUES ('1d192dab-bc1e-11e3-91c0-00266cdff851','2','3501','cak wang','100 x 200',150000000,'insert baru tanggal sekarang','insert baru','zillucks@gmail.com','085258258852','32e34wd4',1,'2014-04-04'),('a96e000f-bc27-11e3-91c0-00266cdff851','2','5101','badung','100 x 200',250000000,'contoh pasang iklan 1','insert 1','zillucks1@gmail.com','085258258852','32e34wd4',1,'2014-04-04');
/*!40000 ALTER TABLE `iklan` ENABLE KEYS */;
UNLOCK TABLES;

--
-- Table structure for table `kota`
--

DROP TABLE IF EXISTS `kota`;
/*!40101 SET @saved_cs_client     = @@character_set_client */;
/*!40101 SET character_set_client = utf8 */;
CREATE TABLE `kota` (
  `kode_kota` char(5) NOT NULL DEFAULT '',
  `kode_propinsi` char(3) DEFAULT NULL,
  `kota` varchar(50) DEFAULT NULL,
  `IDKota` char(36) DEFAULT NULL,
  `StsData` char(1) DEFAULT NULL,
  PRIMARY KEY (`kode_kota`),
  KEY `kode_propinsi` (`kode_propinsi`),
  CONSTRAINT `kota_ibfk_1` FOREIGN KEY (`kode_propinsi`) REFERENCES `propinsi` (`kode_propinsi`)
) ENGINE=InnoDB DEFAULT CHARSET=latin1;
/*!40101 SET character_set_client = @saved_cs_client */;

--
-- Dumping data for table `kota`
--

LOCK TABLES `kota` WRITE;
/*!40000 ALTER TABLE `kota` DISABLE KEYS */;
INSERT INTO `kota` VALUES ('0000','00',' No Data','00000000-0000-0000-0000-000000000000','1'),('1101','11',' KABUPATEN ACEH BARAT','F6D9A1B7-9215-4139-9282-C547DF15E544','1'),('1102','11',' KABUPATEN ACEH BARAT DAYA','30DBD749-2BF4-4D65-BEE9-91798D050D0D','1'),('1103','11',' KABUPATEN ACEH BESAR','CDE43CC0-48E2-4563-BE1E-1570370BE799','1'),('1104','11',' KABUPATEN ACEH JAYA','249A26D4-5949-4CFD-B54D-347AAD59392C','1'),('1105','11',' KABUPATEN ACEH NAGAN RAYA','60DD8F8C-EEB7-4A66-946D-5DE44DD5E2DA','1'),('1106','11',' KABUPATEN ACEH SELATAN','917F4296-5A85-470E-8628-DF549B62792C','1'),('1107','11',' KABUPATEN ACEH SINGKIL','69D57D60-3129-4448-85B0-A4C97C916378','1'),('1108','11',' KABUPATEN ACEH TAMIANG','DF3C0F58-3310-46E5-B120-2F42455B14DA','1'),('1109','11',' KABUPATEN ACEH TENGAH','0479ECE6-0D0C-472E-ABA4-3553DBAFD4FE','1'),('1110','11',' KABUPATEN ACEH TENGGARA','31FED742-FC79-47ED-B61E-717FA09E9717','1'),('1111','11',' KABUPATEN ACEH TIMUR','37C5C4B1-A52C-4624-B782-C4535D309250','1'),('1112','11',' KABUPATEN ACEH UTARA','944E7754-8B59-4A91-A054-B7BC9041850C','1'),('1113','11',' KABUPATEN BENER MERIAH','1469B11F-EF17-4F58-B40F-FCCDD733626F','1'),('1114','11',' KABUPATEN BIREUEN','50236A24-3AF6-4B9C-AE01-997E07D94F61','1'),('1115','11',' KABUPATEN GAYO LUAS','897DFB01-E9AB-4634-BD27-EB4ED40F5AFB','1'),('1116','11',' KABUPATEN PIDIE','D12B869F-47D4-4C14-9061-4E0D97B2D993','1'),('1117','11',' KABUPATEN SIMEULUE','23F0B347-2958-4D49-A95C-7D09D756E0E6','1'),('1118','11',' KOTA BANDA ACEH','FC554EBC-3390-4E7B-85C3-28F169A1F8D6','1'),('1119','11',' KOTA LANGSA','DC8388AC-6B92-456A-B367-31A03ACF8732','1'),('1120','11',' KOTA LHOKSEUMAWE','C0AC1281-5395-4622-9491-A4B205B3FE6D','1'),('1121','11',' KOTA SABANG','AAC043ED-8345-4721-BFD0-E8734DF999BE','1'),('1123','11',' KOTA SUBULUSSALAM','05601C9F-AA49-4B13-A584-8E693A52FE94','1'),('1201','12',' KABUPATEN ASAHAN','A188141F-52E2-44B3-9406-8776EAEC931F','1'),('1202','12',' KABUPATEN DAIRI','EFD23E3F-3546-4E9F-96D2-5AEE87AA3DAC','1'),('1203','12',' KABUPATEN DELI SERDANG','ED934685-322A-403A-8303-12C037C75152','1'),('1204','12',' KABUPATEN HUMBANG HASUNDUTAN','CF61C690-1906-4978-9911-23C0590A9D91','1'),('1205','12',' KABUPATEN KARO','4AB99D7D-2D50-4D61-9682-2A5103D0313D','1'),('1206','12',' KABUPATEN LABUHAN BATU','E4B4EB24-7FB7-4E54-B6BD-91A761835E8D','1'),('1207','12',' KABUPATEN LANGKAT','EFC53CED-B91F-4731-82F5-3AC3606DC5CA','1'),('1208','12',' KABUPATEN MANDAILING NATAL','A481BC63-FA4B-4C86-A8B9-022EF91FD428','1'),('1209','12',' KABUPATEN NIAS','6A639887-123D-4A46-969C-0C5803EB4EE4','1'),('1210','12',' KABUPATEN NIAS SELATAN','7AB6C386-6194-4948-8660-4BA351DDBB4B','1'),('1211','12',' KABUPATEN PADANG LAWAS UTARA','0308099D-F8B9-4FE9-8725-DD1FEC3FECBB','1'),('1212','12',' KABUPATEN PAKPAK BHARAT','31378611-8518-413F-8EAF-6A11C5CAA6A0','1'),('1213','12',' KABUPATEN SAMOSIR','268FDC6D-0100-4619-8892-568BF4E942D0','1'),('1214','12',' KABUPATEN SERDANG BEDAGAI','E22D2FE3-A18C-4245-8EBB-FE99B07333A7','1'),('1215','12',' KABUPATEN SIMALUNGUN','E28F3A2A-ACF1-4D6A-90E9-5A20A8191440','1'),('1216','12',' KABUPATEN TAPANULI SELATAN','E89BB9B9-F45C-4A3C-AA77-221A01CD2E8A','1'),('1217','12',' KABUPATEN TAPANULI TENGAH','E8A0A1F1-C548-45DA-98F9-A586D80BD4F4','1'),('1218','12',' KABUPATEN TAPANULI UTARA','C110DF52-0DCF-4B94-BB56-201A2B5362AE','1'),('1219','12',' KABUPATEN TOBA SAMOSIR','6A3D659A-BE36-493F-9E02-FFF2653E92B6','1'),('1220','12',' KOTA BINJAI','DFECF930-5F12-4ED0-8989-108B4EC91EA8','1'),('1221','12',' KOTA MEDAN','9D0787D2-3681-40D9-A490-8948A71034D8','1'),('1222','12',' KOTA PADANG SIDEMPUAN','60CAAC1B-67CF-46EF-9E87-97BC785E8F5C','1'),('1223','12',' KOTA PEMATANG SIANTAR','A0F910A0-2C6D-44CF-A11E-35CC8E07A99D','1'),('1224','12',' KOTA SIBOLGA','D9090456-A68B-4015-B20A-8B4473DD4D7E','1'),('1225','12',' KOTA TANJUNG BALAI','B2CB2331-9AA8-431F-BDC2-B1E45332B797','1'),('1226','12',' KOTA TEBING TINGGI','2723E6FC-57CC-4790-A581-8FA3CDC43F3E','1'),('1227','12',' KABUPATEN BATUBARA','ED56C24F-B6D7-4A20-80B4-9A6082B7C0DD','1'),('1228','12',' KABUPATEN PADANG LAWAS','A74CD06E-703B-4E6D-8E19-1C6FC3688EBA','1'),('1230','12',' KABUPATEN LABUHAN BATU SELATAN','5522B78E-0F6B-425D-BD1A-085A7523B50D','1'),('1231','12',' KABUPATEN LABUHAN BATU UTARA','735B2E2C-2FA1-471D-A8F7-ED9C3C14CEDD','1'),('1233','12',' KOTA GUNUNG SITOLI','AC65B07C-8D62-49A8-8574-92CCD7018EBB','1'),('1301','13',' KABUPATEN AGAM','12B93CDF-5304-4352-8D35-60FAC5AF330E','1'),('1302','13',' KABUPATEN DHARMASRAYA','D8BFD2F1-F743-47AC-B065-A11957F4DC49','1'),('1303','13',' KABUPATEN KEPULAUAN MENTAWAI','A58CE91E-E264-46F6-B2C0-6CBCE921B729','1'),('1304','13',' KABUPATEN LIMA PULUH KOTA','F5810EAE-9AC6-451A-86C4-D8BF6426BF5E','1'),('1305','13',' KABUPATEN PADANG PARIAMAN','A0A0236B-D32A-4DF5-ACEF-D45E720018A5','1'),('1306','13',' KABUPATEN PASAMAN','D5169855-019D-42E2-9C7C-011B487BFEE6','1'),('1307','13',' KABUPATEN PASAMAN BARAT','8B503A2E-60D8-46BA-852A-02D3CDCAF907','1'),('1308','13',' KABUPATEN PESISIR SELATAN','B0B0F4CC-54D9-4B3B-8714-792BBB6F80AC','1'),('1309','13',' KABUPATEN SIJUNJUNG','37F6536B-396D-457C-8ED8-7954D1B84DC5','1'),('1310','13',' KABUPATEN SOLOK','6BF69223-8779-4545-901E-BD09D699EC1C','1'),('1311','13',' KABUPATEN SOLOK SELATAN','AAC980C8-0670-4511-BEEC-5C38277C0A9B','1'),('1312','13',' KABUPATEN TANAH DATAR','D4FB9D18-E3DD-4E48-A454-7270A371C134','1'),('1313','13',' KOTA BUKITTINGGI','6BF4D5E6-D2D2-4163-89B0-349299633A04','1'),('1314','13',' KOTA PADANG','8B3BC95F-3189-4293-A8F4-61E9388B1A6C','1'),('1315','13',' KOTA PADANG PANJANG','0908B98F-963C-43BB-89C5-8265A579B5B9','1'),('1316','13',' KOTA PARIAMAN','A03F7AB2-06F4-46EB-B363-3922205D6201','1'),('1317','13',' KOTA PAYAKUMBUH','5D2D2781-9FE6-464F-9049-8E4D41173C8C','1'),('1318','13',' KOTA SAWAHLUNTO','126D3729-5127-4D38-A3AE-505EAD822BC4','1'),('1319','13',' KOTA SOLOK','86315F7D-9AFB-4D61-8D8E-80D8495E7351','1'),('1401','14',' KABUPATEN BENGKALIS','369B04A2-C690-43C8-B201-32F781D8BB66','1'),('1402','14',' KABUPATEN INDRAGIRI HILIR','1A97F643-3AA8-4D3D-9423-9FE4F4BEC069','1'),('1403','14',' KABUPATEN INDRAGIRI HULU','E50E9943-CEC8-44F3-A308-19768B084055','1'),('1404','14',' KABUPATEN KAMPAR','A63DF6E6-DEB2-4649-88B6-46882AF84EE4','1'),('1405','14',' KABUPATEN KUANTAN SINGING','32E6E976-4B7C-4401-849D-D8D6D85FAA97','1'),('1406','14',' KABUPATEN PELALAWAN','9E144F16-9467-4D79-9A11-B2E6A400A58B','1'),('1407','14',' KABUPATEN ROKAN HILIR','17D14EE2-56DE-4D39-B9FF-3BDA10121056','1'),('1408','14',' KABUPATEN ROKAN HULU','3003C655-E723-40F1-964E-9D8EBD229960','1'),('1409','14',' KABUPATEN SIAK','3F43B2F3-0ED5-4CFC-8BED-57896866C9DD','1'),('1410','14',' KOTA DUMAI','21B82025-7AF9-4802-9313-5615B165FDDF','1'),('1411','14',' KOTA PEKANBARU','962EDCF4-FBC0-4C1E-9B86-2895639DF3FA','1'),('1501','15',' KABUPATEN BATANGHARI','26A96934-4655-409B-88FC-4B2B21ABD34D','1'),('1502','15',' KABUPATEN BUNGO','F3332406-858E-461B-88B1-E5B9920211F3','1'),('1503','15',' KABUPATEN KERINCI','404C6B0B-9D09-4F0A-9917-3AAF7B5F168C','1'),('1504','15',' KABUPATEN MERANGIN','020B0199-D7AE-4CB6-AB1A-3D6F433328E2','1'),('1505','15',' KABUPATEN MUARO JAMBI','3553A4F8-8ED6-4D00-8E0C-701134491901','1'),('1506','15',' KABUPATEN SAROLANGUN','08A21EE7-C1BD-4572-949F-01DF8F39831C','1'),('1507','15',' KABUPATEN TANJUNG JABUNG BARAT','3540B06C-BA90-4C19-98CF-D72173DED217','1'),('1508','15',' KABUPATEN TANJUNG JABUNG TIMUR','7D993417-B0B8-46F8-A398-BA9312B4C0A2','1'),('1509','15',' KABUPATEN TEBO','BF54692D-B5DA-422D-9D6B-808A46761077','1'),('1510','15',' KOTA JAMBI','7C1CABEF-3AE3-4752-BE92-F0EE2131274A','1'),('1601','16',' KABUPATEN BANYUASIN','2AB2B635-ED65-49A7-9B56-653A28DA7539','1'),('1602','16',' KABUPATEN LAHAT','03AD9B38-15DF-4D99-A236-5F50E631BBDA','1'),('1603','16',' KABUPATEN MUARA ENIM','EFE0C391-677F-4342-9AFB-0234BBF30265','1'),('1604','16',' KABUPATEN MUSI BANYUASIN','3CE2558B-DA2D-4E88-9665-75F717894C38','1'),('1605','16',' KABUPATEN MUSI RAWAS','D46BE2D1-1E3A-432F-B7DF-5D53D0111D24','1'),('1606','16',' KABUPATEN OGAN ILIR','50442FD5-FF5F-4F1D-8680-E9FB02647D02','1'),('1607','16',' KABUPATEN OGAN KOMERING ILIR','40EF92B5-BB42-4397-8788-33C9F530BC0A','1'),('1608','16',' KABUPATEN OGAN KOMERING ULU','730914BF-347E-46A3-BDCD-7777D3CE3CBC','1'),('1609','16',' KABUPATEN OKU SELATAN','06515834-96F5-4F39-BE4A-37BD9D03DD70','1'),('1610','16',' KABUPATEN OKU TIMUR','80029DF6-9072-4508-BF38-469336B984BD','1'),('1611','16',' KOTA LUBUK LINGGAU','2BB96F38-6533-4510-8457-994036A6C7E0','1'),('1612','16',' KOTA PAGAR ALAM','F1F91D0E-05DF-4F89-8A74-0A6D0AABE907','1'),('1613','16',' KOTA PALEMBANG','A591389C-870B-425B-AFD9-C7BA9234EEED','1'),('1614','16',' KOTA PRABUMULIH','307B7BBA-220F-4BEE-A0B0-9F70D90264B0','1'),('1615','16',' KABUPATEN EMPAT LAWANG','638E5B9F-42D2-489B-8BB9-DFE1BE3F045B','1'),('1701','17',' KABUPATEN BENGKULU SELATAN','223C3A82-AB16-4119-8E91-91B10B8A48FA','1'),('1702','17',' KABUPATEN BENGKULU UTARA','9A666CF6-AD71-4B08-B002-8AF8BB759E17','1'),('1703','17',' KABUPATEN KAUR','CF776856-DC53-43A7-9213-E6C728B4A59E','1'),('1704','17',' KABUPATEN KEPAHIANG','A4E9FD89-1CE4-4F8A-9D41-9B1F5B5D3D5D','1'),('1705','17',' KABUPATEN LEBONG','13C2182B-2C58-4E07-B3DE-6B63BC3FBFB7','1'),('1706','17',' KABUPATEN MUKO-MUKO','7548F192-1CEE-43F9-B9F5-84F1DD62B00A','1'),('1707','17',' KABUPATEN REJANG LEBONG','C52675AF-9D75-4AE9-90B5-B7AF5CF24EBB','1'),('1708','17',' KABUPATEN SELUMA','46E1918A-2326-4658-8997-60EF551575AE','1'),('1709','17',' KOTA BENGKULU','64323812-CA07-4FF7-9728-F3027834970D','1'),('1801','18',' KABUPATEN LAMPUNG BARAT','324EB613-08B1-442F-BF62-ACD0EB8213E0','1'),('1802','18',' KABUPATEN LAMPUNG SELATAN','D7CD49CB-D695-48DA-925C-D7A8B7F4616C','1'),('1803','18',' KABUPATEN LAMPUNG TENGAH','FC5EB7C8-6BF4-4A17-8967-9F33A3975622','1'),('1804','18',' KABUPATEN LAMPUNG TIMUR','8F24FFAA-6FCC-4947-B7EF-1C2AC10C7B7A','1'),('1805','18',' KABUPATEN LAMPUNG UTARA','49C88627-254C-48B4-AAD2-5DEEB38E45F9','1'),('1806','18',' KABUPATEN TANGGAMUS','C683103A-3AB8-4E8D-8509-5FDE9D86B6D7','1'),('1807','18',' KABUPATEN TULANG BAWANG','71D9BD6E-67D1-4EBC-9EEB-01141BC06906','1'),('1808','18',' KABUPATEN WAY KANAN','A80A8DEA-6CFD-416C-B7D8-1ECC6CF9E5AB','1'),('1809','18',' KOTA BANDAR LAMPUNG','44AB1FDE-507C-4873-82FD-BE0B1C2FC634','1'),('1810','18',' KOTA METRO','FA6E7C76-FAA1-4D8E-B9EE-82AB881161DC','1'),('1811','18',' KABUPATEN PESAWARAN','AE244420-B6F3-43DB-8F27-D97D6C5AE81F','1'),('1813','18',' KABUPATEN PRINGSEWU','C142E63F-2A4F-4CDE-B41D-77E59279D663','1'),('1901','19',' KABUPATEN BANGKA','C2363513-3DFB-4B9B-A606-7034B0171F60','1'),('1902','19',' KABUPATEN BANGKA BARAT','62C15871-687C-4888-8E1E-AA4486B10CCD','1'),('1903','19',' KABUPATEN BANGKA SELATAN','FD9CFED3-A9FD-4C93-84DD-7939029A6636','1'),('1904','19',' KABUPATEN BANGKA TENGAH','08308900-9BA3-49FD-8AD6-C58CD51BAB2D','1'),('1905','19',' KABUPATEN BELITUNG','9DC3A6CB-6003-4166-87D4-796786033E3D','1'),('1906','19',' KABUPATEN BELITUNG TIMUR','A545DED3-8697-45C1-B088-B85AE871B587','1'),('1907','19',' KOTA PANGKAL PINANG','2CB12B09-B8C6-4647-9003-EA9EC6846A52','1'),('2101','21',' KABUPATEN BINTAN','0C4DB06C-441B-4500-9684-20A17DEFEDDC','1'),('2102','21',' KABUPATEN KARIMUN','D9C05CE6-F56D-430C-9B2C-714253A9BB29','1'),('2104','21',' KABUPATEN LINGGA','08247EC0-31F9-442B-85D5-EDDA9E5614C1','1'),('2105','21',' KABUPATEN NATUNA','851AD883-EC8D-43A6-9972-58457D3C7958','1'),('2106','21',' KOTA BATAM','AAB24D6F-F554-4442-8F96-0873E842511E','1'),('2107','21',' KOTA TANJUNG PINANG','DF59F1F0-B477-4075-85A2-F49F25D61AAD','1'),('2108','21',' KABUPATEN KEPULAUAN ANAMBAS','5A417BD9-F15B-46CA-B1B0-3560974EEBD1','1'),('3101','31',' KABUPATEN KEPULAUAN SERIBU','7C618EF0-C1E8-45EB-AC56-545D4666694E','1'),('3102','31',' KOTA JAKARTA BARAT','8F36F3F4-FF4D-48D4-BC16-83368BD1E74F','1'),('3103','31',' KOTA JAKARTA PUSAT','4A1007DE-794B-481F-8A17-60000FF239E6','1'),('3104','31',' KOTA JAKARTA SELATAN','CA88FC8D-6874-4BF8-9260-E7BBA457152F','1'),('3105','31',' KOTA JAKARTA TIMUR','AEAB5EC3-EF31-4A6C-AA54-0784C5B80C15','1'),('3106','31',' KOTA JAKARTA UTARA','28CDA8FB-2497-4B9C-84C2-B435B4C32F15','1'),('3201','32',' KABUPATEN BANDUNG','49D5F9A3-C50B-4471-B400-0F1415DA88E8','1'),('3202','32',' KABUPATEN BEKASI','CBC4F17C-0BD2-4C34-9304-43692647613F','1'),('3203','32',' KABUPATEN BOGOR','918F3A5D-DDBE-4339-80A0-6AB46DDEEBC4','1'),('3204','32',' KABUPATEN CIAMIS','755F7955-E9CF-49D3-8EBF-4142225C0093','1'),('3205','32',' KABUPATEN CIANJUR','69CE8C60-FFF8-4B56-B33F-85E73E576FE5','1'),('3206','32',' KABUPATEN CIREBON','6F4C522B-5964-4554-92CE-4CF656BF8362','1'),('3207','32',' KABUPATEN GARUT','250190BB-3F3E-41E6-B9B8-FA8553AC87FD','1'),('3208','32',' KABUPATEN INDRAMAYU','B5EAC209-3CDA-4A81-834F-6016A79FAA1E','1'),('3209','32',' KABUPATEN KERAWANG','73BE817C-CDFE-4092-93C4-B67C65C90CAB','1'),('3210','32',' KABUPATEN KUNINGAN','AEA59F17-6712-4A5C-A8A4-DD270F50A5E8','1'),('3211','32',' KABUPATEN MAJALENGKA','598F7B44-4D5D-4F0E-8DE3-75355B7AF89F','1'),('3212','32',' KABUPATEN PURWAKARTA','43906083-97E1-4170-B14F-34BFA4110AB4','1'),('3213','32',' KABUPATEN SUBANG','7C07A77B-9E82-47FC-B572-55E2714F52DD','1'),('3214','32',' KABUPATEN SUKABUMI','541E24F9-BEE9-44DF-AD02-61F56F93A4DE','1'),('3215','32',' KABUPATEN SUMEDANG','19D85CFE-0159-4FC0-BD79-4CACCC094DD8','1'),('3216','32',' KABUPATEN TASIKMALAYA','5E3BB2B2-C442-4BF6-9C97-0BD31AAFC60D','1'),('3217','32',' KOTA BANDUNG','10754AD2-C353-499B-BA34-5D094E123353','1'),('3218','32',' KOTA BANJAR','D6339A10-A1D9-4119-BB55-83813AE9AD14','1'),('3219','32',' KOTA BEKASI','4DB1EA02-3CE8-4FD5-8D00-6CFC7E4540AA','1'),('3220','32',' KOTA BOGOR','274D6808-EBE1-4E3F-A051-29BBBE8145E1','1'),('3221','32',' KOTA CIMAHI','7DC2B2BB-7335-4EAB-9CBB-846A9305616E','1'),('3222','32',' KOTA CIREBON','5ECDAFC5-8357-4D25-9443-2B6B74E897EC','1'),('3223','32',' KOTA DEPOK','DA157FF3-2230-4419-BD71-1DC1BEE06A17','1'),('3224','32',' KOTA SUKABUMI','516B875F-3B2A-40EC-A09C-254F8A6A2F26','1'),('3225','32',' KOTA TASIKMALAYA','56010C1A-24D3-4A0E-BCDF-FCB5EBF50845','1'),('3226','32',' KABUPATEN BANDUNG BARAT','893A4956-7600-4413-B239-D0AD67F56ACC','1'),('3301','33',' KABUPATEN BANJARNEGARA','D0978E5C-880E-4C8A-AF82-766B2E9FEBCA','1'),('3302','33',' KABUPATEN BANYUMAS','B5D1C09A-4ECD-49A5-88DA-C4A4FE97A921','1'),('3303','33',' KABUPATEN BATANG','696EF324-436D-429C-A054-0B99A90CF2EB','1'),('3304','33',' KABUPATEN BLORA','CA943301-EDD6-46C0-ABA9-A73C74C453B5','1'),('3305','33',' KABUPATEN BOYOLALI','18025AF3-855D-43F1-9C5A-D8E9D4E11A47','1'),('3306','33',' KABUPATEN BREBES','A08F87FD-DDA1-4303-9003-64CB29588890','1'),('3307','33',' KABUPATEN CILACAP','AEFF82C4-7FCB-4E8F-A02E-102293C41E77','1'),('3308','33',' KABUPATEN DEMAK','821DEA97-5414-4FCC-95C4-67C7BA3A0931','1'),('3309','33',' KABUPATEN GROBOGAN','B9D932FF-D3DD-4791-B10E-A622FC21E08F','1'),('3310','33',' KABUPATEN JEPARA','B2F08241-4B2D-4D1C-BF62-4F461F41E33E','1'),('3311','33',' KABUPATEN KARANGANYAR','E1D1578D-2B70-4FE0-840D-C9CF5EFD2864','1'),('3312','33',' KABUPATEN KEBUMEN','DFFF8518-A82F-4504-9990-E08E6C6F7498','1'),('3313','33',' KABUPATEN KENDAL','CD1955F9-87BD-448A-A009-67C7EA77CB26','1'),('3314','33',' KABUPATEN KLATEN','2A471E2A-3B1E-4B82-969C-7FFB30CC4F7C','1'),('3315','33',' KABUPATEN KUDUS','58E876FF-D1FB-4975-AD9F-9FD422D3E1FC','1'),('3317','33',' KABUPATEN PATI','A4A2E30F-4355-4B0A-BA38-7EF812BBC3FE','1'),('3318','33',' KABUPATEN PEKALONGAN','260D7F51-1CEA-4FF4-92FB-5C5FBFAC3CAC','1'),('3319','33',' KABUPATEN PEMALANG','FB2FC7C7-849B-4B18-ABEF-353D5FB3CE97','1'),('3320','33',' KABUPATEN PURBALINGGA','21E0DD6F-2024-46FF-884B-E67765284EDB','1'),('3321','33',' KABUPATEN PURWOREJO','6EF96303-4BED-4FB9-963E-DF494DB177EF','1'),('3322','33',' KABUPATEN REMBANG','BA82853E-811A-4391-B191-7237FBEF66DD','1'),('3323','33',' KABUPATEN SEMARANG','F5321D16-026D-4DB2-B546-BD6E349D90AC','1'),('3324','33',' KABUPATEN SRAGEN','3020B27D-BC72-43BD-A954-AD7A98900A2F','1'),('3325','33',' KABUPATEN SUKOHARJO','4BA1EAD8-95CD-4650-A2BA-37C549AA6B97','1'),('3326','33',' KABUPATEN TEGAL','D79E7D19-255E-46E8-9317-630A2BA13DCD','1'),('3327','33',' KABUPATEN TEMANGGUNG','0F497CA6-9C18-448A-B02C-E6C2874F58E1','1'),('3328','33',' KABUPATEN WONOGIRI','8EA5B419-1C9E-4A80-8BC0-84D81E824E90','1'),('3329','33',' KABUPATEN WONOSOBO','6D8B1040-0AB4-4AC0-BF3C-9AAFAEA6CA15','1'),('3330','33',' KOTA MAGELANG','602D65D8-D08A-4035-B318-BD819A0835C9','1'),('3331','33',' KOTA PEKALONGAN','5AFB29C4-F849-4EE0-9D63-4C613F9073E8','1'),('3332','33',' KOTA SALATIGA','A0C1031D-827B-41BC-B78F-BE05F55E02CA','1'),('3333','33',' KOTA SEMARANG','BE482D59-2307-4C5F-A2B1-86A0B2051BA7','1'),('3334','33',' KOTA SURAKARTA','CA0B38E4-3E9B-44B9-B5F8-4E68E970CAC9','1'),('3335','33',' KOTA TEGAL','5CAAFCBD-E714-44C8-BB1C-6992F1021BF9','1'),('3336','33',' KABUPATEN MAGELANG','33FA1C95-E6C0-4CDD-8142-4C4DD4755B05','1'),('3401','34',' KABUPATEN BANTUL','5B59BC29-3CAC-4E92-A35D-52C97C32CD97','1'),('3402','34',' KABUPATEN GUNUNG KIDUL','5EEC5D33-A253-430D-87EB-FD350CC6E4FF','1'),('3403','34',' KABUPATEN KULONPROGO','4CDF9221-02FB-4764-958E-10EB5C32517A','1'),('3404','34',' KABUPATEN SLEMAN','614482E4-2210-4639-96AB-560E7CFAB698','1'),('3405','34',' KOTA YOGYAKARTA','3B71F6F7-7E68-461C-9C46-561A1F9067F2','1'),('3501','35',' KABUPATEN BANGKALAN','A4DB3831-968B-41E9-81F1-5E4B0F56ABD2','1'),('3502','35',' KABUPATEN BANYUWANGI','FCA8DBBA-7FBD-49A7-8AD6-4BF23F320503','1'),('3503','35',' KABUPATEN BLITAR','BB754624-1D62-45B7-8849-3C9ACF1C48B2','1'),('3504','35',' KABUPATEN BOJONEGORO','55FD1C52-561B-445D-96AA-A59EAE9387B4','1'),('3505','35',' KABUPATEN BONDOWOSO','2025320F-5D36-4E17-BB8A-8821B973B757','1'),('3506','35',' KABUPATEN GRESIK','19C17C00-E446-4577-9E67-95C0989AF724','1'),('3507','35',' KABUPATEN JEMBER','3E3A3016-490E-4E5A-BE0A-DC6CD239E4DE','1'),('3508','35',' KABUPATEN JOMBANG','55E6CA62-36CB-4FAC-B79D-680612651D04','1'),('3509','35',' KABUPATEN KEDIRI','160549DD-A401-4F8D-8AA6-6BF3C1732F3F','1'),('3510','35',' KABUPATEN LAMONGAN','C8448704-C4B5-4D54-9D13-51E78891314A','1'),('3511','35',' KABUPATEN LUMAJANG','6B5E2756-9E82-454B-AC10-DEA539F6A341','1'),('3512','35',' KABUPATEN MADIUN','8AEF7567-60FE-4285-954F-C432EDA0010F','1'),('3513','35',' KABUPATEN MAGETAN','1A4C49E4-02EB-4FE3-BD2C-376D94BEED01','1'),('3514','35',' KABUPATEN MALANG','DAA09F31-65B1-40CE-928C-70CB0E44FCB8','1'),('3515','35',' KABUPATEN MOJOKERTO','A3B61DE0-323F-493C-BE11-645D1F9D17FA','1'),('3516','35',' KABUPATEN NGANJUK','D1C42FDA-E75B-4700-93F7-50B1EF7A4597','1'),('3517','35',' KABUPATEN NGAWI','AE676D0F-6601-46D8-AFF9-CA44063057D8','1'),('3518','35',' KABUPATEN PACITAN','8756FF3A-279C-42CF-A266-E8112D4F346A','1'),('3519','35',' KABUPATEN PAMEKASAN','2BC6AEEF-5729-4988-9DDD-06F85CE61AB7','1'),('3520','35',' KABUPATEN PASURUAN','C38AE267-AC2A-42C6-88F4-2F027D42E3B0','1'),('3521','35',' KABUPATEN PONOROGO','7214A6EE-F686-42CD-8010-F28EDDEB568F','1'),('3522','35',' KABUPATEN PROBOLINGGO','1CF4C7D2-C10E-4775-AD98-06F0239C35C1','1'),('3523','35',' KABUPATEN SAMPANG','51D3F338-129A-40D6-B4D7-12F28742DD58','1'),('3524','35',' KABUPATEN SIDOARJO','9C9F2DF3-00F4-4670-879B-F8A884A29FBB','1'),('3525','35',' KABUPATEN SITUBONDO','964FD3B4-FF34-41CA-AAF0-655A4DE0A2DA','1'),('3526','35',' KABUPATEN SUMENEP','42C44290-D08C-4992-A6A8-C4FF9C22E31F','1'),('3527','35',' KABUPATEN TRENGGALEK','27EF001D-6C0F-4DEB-BC7E-E52D6A1C40A1','1'),('3528','35',' KABUPATEN TUBAN','FCDE1F72-BDCA-4EC2-91FB-0AC9FF4AD932','1'),('3529','35',' KABUPATEN TULUNGAGUNG','D49DAA56-76E2-40C1-99E3-3A090F777732','1'),('3530','35',' KOTA BATU','93354066-2E78-4FC5-9AB8-13E65FC6B59B','1'),('3531','35',' KOTA BLITAR','F6A5EC2E-B976-4253-8E6E-DF311567E4FC','1'),('3532','35',' KOTA KEDIRI','3C9294CD-26A3-44F9-9222-7F09279CE9A3','1'),('3533','35',' KOTA MADIUN','C6BD9FE1-ED0D-4218-8119-57D339C1B237','1'),('3534','35',' KOTA MALANG','AC86CC10-7F53-4F47-B4A6-034A61D571B5','1'),('3535','35',' KOTA MOJOKERTO','2806E7CB-755C-44DD-B798-B15557665AC7','1'),('3536','35',' KOTA PASURUAN','0D59071C-844A-4AB1-AEBF-F3AA1266EAA5','1'),('3537','35',' KOTA PROBOLINGGO','41896047-2AD3-4F61-9952-E7FC4FD764FC','1'),('3538','35',' KOTA SURABAYA','712E6A5D-875C-4330-B6A1-D5EF4053DD7B','1'),('3601','36',' KABUPATEN LEBAK','82000022-B379-4BD2-BBE5-317550372530','1'),('3602','36',' KABUPATEN PANDEGLANG','ECD5B647-8368-444B-BBDC-160A6A8A2163','1'),('3603','36',' KABUPATEN SERANG','0906C8CC-11EA-4790-9D4F-847CE3A082B3','1'),('3604','36',' KABUPATEN TANGERANG','A4E930E4-F0AD-4AC5-8170-D2B4E0BE1E27','1'),('3605','36',' KOTA CILEGON','6F3DFD03-C9D0-4B35-A118-3658A31A36FA','1'),('3606','36',' KOTA TANGERANG','6059AB44-F604-438B-90B5-B5EF726421DA','1'),('3607','36',' KOTA SERANG','2259EB69-CBDA-4FCA-83B3-DD685F38D30A','1'),('5101','51',' KABUPATEN BADUNG','620B0CE6-9F21-4839-863E-C56F35D8A8C7','1'),('5102','51',' KABUPATEN BANGLI','B4004D6F-B7A5-4753-A57C-1D1097E55CDD','1'),('5103','51',' KABUPATEN BULELENG','5E8B8E19-FAE9-4588-A6B3-39026DD66DFE','1'),('5104','51',' KABUPATEN GIANYAR','EDE80431-1874-4048-AC3D-F7AAA3D6C4C3','1'),('5105','51',' KABUPATEN JEMBRANA','19E01523-C196-4C1C-9A88-BD85B4353268','1'),('5106','51',' KABUPATEN KARANG ASEM','22A77773-AF81-4C01-9E99-6C21D4D5C06A','1'),('5107','51',' KABUPATEN TABANAN','0CFD6AD5-25E7-4DA0-9D19-D2F5F346686C','1'),('5108','51',' KOTA DENPASAR','558307EB-F171-4A79-9955-3C6A5740C420','1'),('5109','51',' KABUPATEN KLUNGKUNG','395A2202-45DC-4C67-896D-D54216EAD7B2','1'),('5201','52',' KABUPATEN BIMA','5CF03D1D-CBBF-46C6-BED3-D4E4F4D4B92C','1'),('5202','52',' KABUPATEN DOMPU','08426E7B-E7D2-4551-919B-43FFA99B9181','1'),('5203','52',' KABUPATEN LOMBOK BARAT','7627A99D-E2AE-4261-B276-3CA77D7A64BE','1'),('5204','52',' KABUPATEN LOMBOK TENGAH','84D7C70D-9F9D-4973-8DF8-16A53518E24E','1'),('5205','52',' KABUPATEN LOMBOK TIMUR','97441413-EAEB-4662-B593-5EB12278F7EF','1'),('5206','52',' KABUPATEN SUMBAWA','83622AEB-8830-4CDC-904C-C0AF69FB54D7','1'),('5207','52',' KABUPATEN SUMBAWA BARAT','733B55B7-88E3-4A28-8E9F-A52CC7B758EB','1'),('5208','52',' KOTA BIMA','8A4B66DF-BD76-4B8E-97D8-B896AEACC072','1'),('5209','52',' KOTA MATARAM','88F7EB10-984F-4A31-8E18-2624DC266613','1'),('5301','53',' KABUPATEN ALOR','ED9D2541-FBD4-44A4-9C8A-B8E6685BF369','1'),('5302','53',' KABUPATEN BELU','031168B6-0AF1-44B9-B513-7A5CC3DC0D37','1'),('5303','53',' KABUPATEN ENDE','FC159991-AB3A-46C5-B11D-9C6B0831DF70','1'),('5304','53',' KABUPATEN FLORES TIMUR','4C1ACD9E-2AC4-466F-98C0-EDC62C4A2215','1'),('5305','53',' KABUPATEN KUPANG','4769907E-2E7A-4E6A-8D7E-80F57A7F780D','1'),('5306','53',' KABUPATEN LEMBATA','EEC3DAAD-1258-43E5-AC7A-488B344876A3','1'),('5307','53',' KABUPATEN MANGGARAI','D0957637-2D78-44E9-8E44-D4FF3C6D8FBD','1'),('5308','53',' KABUPATEN MANGGARAI BARAT','B58B7FDA-2E80-4058-BB30-EC4271EAD723','1'),('5309','53',' KABUPATEN NGADA','041FF770-49D0-4482-9659-E0928674EBAF','1'),('5310','53',' KABUPATEN ROTE NDAO','E36BB604-1E03-4F91-A005-EF769BE57874','1'),('5311','53',' KABUPATEN SIKKA','B8C5D532-E360-40A4-BE77-4CF71242E5CC','1'),('5312','53',' KABUPATEN SUMBA BARAT','545175B9-2347-400A-A51C-7D4655F6F321','1'),('5313','53',' KABUPATEN SUMBA TIMUR','4D8F11E3-E1E0-4ACC-9A62-C43D316C8CB3','1'),('5314','53',' KABUPATEN TIMOR TENGAH SELATAN','9FB11BBA-B42B-49ED-8B6B-E44FB497FCF7','1'),('5315','53',' KABUPATEN TIMOR TENGAH UTARA','F2D2CC19-698A-4FE6-98F5-EC0355DD152D','1'),('5316','53',' KOTA KUPANG','F58844FA-0451-44BD-AF88-7F4CF71AB879','1'),('5318','53',' KABUPATEN NAGEKEO','61E16A3A-3F53-4ED8-BC73-1A9350508075','1'),('5319','53',' KABUPATEN SUMBA BARAT DAYA','FFA8149D-AFC6-48E4-B852-ACFF66AFF658','1'),('6101','61',' KABUPATEN BENGKAYANG','EDBEDED9-6270-479A-B77D-E24D70F96392','1'),('6102','61',' KABUPATEN KAPUAS HULU','5CF6B0A6-72F2-471A-833B-23FD1A4E2B41','1'),('6103','61',' KABUPATEN KAYONG UTARA','2441D2EC-B31D-4D4E-AE37-6343B5823F26','1'),('6104','61',' KABUPATEN KETAPANG','F470A988-B117-41E8-B78F-77D290B558F0','1'),('6105','61',' KABUPATEN KUBU RAYA','6F361652-0A4C-433C-A5B4-B437CB788670','1'),('6106','61',' KABUPATEN LANDAK','80771D5C-8ADB-4861-85E6-29206D3ADF2B','1'),('6107','61',' KABUPATEN MALAWI','637CE680-369C-46D1-9B34-7B0090C23CA1','1'),('6108','61',' KABUPATEN PONTIANAK','1EF4053F-88BD-46B9-9AFE-029542BBC496','1'),('6109','61',' KABUPATEN SAMBAS','7C15C9B4-6A3B-4523-9193-A9500984B036','1'),('6110','61',' KABUPATEN SANGGAU','C202F541-FC43-4CBB-B533-A59AD06AC1ED','1'),('6111','61',' KABUPATEN SEKADAU','D9BA3273-D417-4525-87FE-E149ED673543','1'),('6112','61',' KABUPATEN SINTANG','B0D84EF2-DC08-43EB-8B0D-A681E594EDFF','1'),('6113','61',' KOTA SINGKAWANG','AB279AC7-F47D-405B-BB0E-FD66C5A8631E','1'),('6114','61',' KOTA PONTIANAK','9DF3AB7B-DBED-4431-9259-65A55D941DC6','1'),('6201','62',' KABUPATEN BARITO SELATAN','AB792A79-CBEA-46CF-9C55-8B25E5500C01','1'),('6202','62',' KABUPATEN BARITO TIMUR','CF3F1A57-3E65-4D58-8A03-B438A4DD6391','1'),('6203','62',' KABUPATEN BARITO UTARA','0CDADE49-6A38-492F-99E9-95C17685E131','1'),('6204','62',' KABUPATEN GUNUNG MAS','41E4AD87-47F5-4EFF-B5E0-60E4B483E907','1'),('6205','62',' KABUPATEN KAPUAS','37277F98-F8E1-4874-A304-4D16AE2BD98D','1'),('6206','62',' KABUPATEN KATINGAN','9C1F0940-C078-4E32-816B-C6C5131480BF','1'),('6207','62',' KABUPATEN KOTAWARINGIN BARAT','A6FC7F23-7CE2-44E8-8621-578412D8A136','1'),('6208','62',' KABUPATEN KOTAWARINGIN TIMUR','4344CB87-9AD4-4949-94F4-2880D95A528F','1'),('6209','62',' KABUPATEN LAMANDAU','139EAA82-C5AE-402D-ADBF-04DFA49F70B5','1'),('6210','62',' KABUPATEN MURUNG RAYA','4B33B701-D6D7-4F64-A81C-CF579233D984','1'),('6211','62',' KABUPATEN PULANG PISAU','DE9E0F62-E2BC-48A8-882C-D217660D121B','1'),('6212','62',' KABUPATEN SERUYAN','91C62AD7-DDF3-493B-8831-9491B60ED08F','1'),('6213','62',' KABUPATEN SUKAMARA','F5850426-3685-4F81-BBF9-EBD5BE41E26F','1'),('6214','62',' KOTA PALANGKARAYA','DFF63EB3-799C-4D25-806C-8E5C96138A4C','1'),('6301','63',' KABUPATEN BALANGAN','D760E3C0-63DC-4E94-A4EA-8A2B9B735426','1'),('6302','63',' KABUPATEN BANJAR','EB5AB071-178A-4BE8-8F8F-2FBB2E7A0CDB','1'),('6303','63',' KABUPATEN BARITO KUALA','C07B3226-5819-45F0-9340-4689ADD418A5','1'),('6304','63',' KABUPATEN HULU SUNGAI SELATAN','8E12379F-59A9-4A41-A175-68C06C5A78DA','1'),('6305','63',' KABUPATEN HULU SUNGAI TENGAH','2421E902-A642-452C-9309-FD48A082FDDA','1'),('6306','63',' KABUPATEN HULU SUNGAI UTARA','F490C6B1-55E7-4830-94FE-53C87BF49569','1'),('6307','63',' KABUPATEN KOTABARU','B3BC3A31-EFC9-46EA-965C-CC214B8B62E4','1'),('6308','63',' KABUPATEN TABALONG','2219DD9D-254C-42C1-8BC9-CDA33BE8956F','1'),('6309','63',' KABUPATEN TANAH BUMBU','5BD68262-C1E4-437D-9D8B-CC68BD671EF3','1'),('6310','63',' KABUPATEN TANAH LAUT','EB5E6B35-7005-41B4-9C20-6D7A23A8E7E3','1'),('6311','63',' KABUPATEN TAPIN','0DFAEC83-9A84-48DE-9554-0D369BCC3869','1'),('6312','63',' KOTA BANJARBARU','C1D7D154-6E30-4CD9-BB95-CE3F58927B5D','1'),('6313','63',' KOTA BANJARMASIN','B61DE567-D2B6-4EC0-B39D-4CA587B42312','1'),('6401','64',' KABUPATEN BERAU','95243470-6892-449C-BB87-9BE9598696E1','1'),('6402','64',' KABUPATEN BULUNGAN','2594D524-31F9-4484-A558-E4C8A54F48CF','1'),('6403','64',' KABUPATEN KUTAI BARAT','04311660-EC1C-4CFC-B4D4-8D623B381CCD','1'),('6404','64',' KABUPATEN KUTAI KARTANEGARA','4DCE8740-4438-412A-833B-703AE35C431A','1'),('6405','64',' KABUPATEN KUTAI TIMUR','CE9E39BD-8A38-480B-8D5D-5E638F084D47','1'),('6406','64',' KABUPATEN MALINAU','F5F9C0B2-AC89-4B55-8D2F-D5E12F695B49','1'),('6407','64',' KABUPATEN NUNUKAN','A41419A2-9101-400C-9173-1A56C3DB93A1','1'),('6408','64',' KABUPATEN PASER','FE4AD0CD-06C9-42DB-91D1-1A73F3AF7776','1'),('6409','64',' KABUPATEN PENAJAM PASER UTARA','DC62D119-4ADD-4E29-BFA3-AB73D18A1B6F','1'),('6410','64',' KABUPATEN TANA TIDUNG','9A996964-4B3D-4E88-878D-D5E402DFDF5A','1'),('6411','64',' KOTA BALIKPAPAN','5BC54210-43E7-4691-8FFB-37AFC865472B','1'),('6412','64',' KOTA BONTANG','F417A08B-ACA4-4562-8A0F-092473DC107C','1'),('6413','64',' KOTA SAMARINDA','CFFB180A-98AE-4F34-9EE1-CAEB31BA032D','1'),('6414','64',' KOTA TARAKAN','63C65492-7B75-4DD5-BC8D-A18252CB6820','1'),('7101','71',' KABUPATEN BOLAANG MONGONDOW','ADBB41F8-5BA5-4ABE-96A8-31480F24F25C','1'),('7102','71',' KABUPATEN BOLAANG MONGONDOW UTARA','01302B99-EFA9-4980-B01C-B233CDA74A20','1'),('7103','71',' KABUPATEN KEPL. TALAUD','B7E9472E-0F13-422C-9259-498368817FCA','1'),('7104','71',' KABUPATEN MINAHASA','B74607D3-3881-40BF-8FCC-13BC8FD9C27D','1'),('7105','71',' KABUPATEN MINAHASA SELATAN','BFF54EF1-7C6F-4A15-B1AD-3ED8384F9E0E','1'),('7106','71',' KABUPATEN MINAHASA TENGGARA','9674F2D1-11AF-457A-A895-C851C09224A5','1'),('7107','71',' KABUPATEN MINAHASA UTARA','A59DFF53-EF79-4935-9B4E-1CD0E0AC5D1B','1'),('7108','71',' KABUPATEN SANGIHE','960580EF-471A-4BB0-88ED-CE90D880E8B7','1'),('7109','71',' KOTA BITUNG','C40A8D5A-6B76-42D8-82BB-48823851AD2B','1'),('7110','71',' KOTA KOTAMOBAGU','3080EE50-2DB2-4B24-A871-B7671B5CDB94','1'),('7111','71',' KOTA MANADO','42FA8DBE-E1A4-40C9-B976-BDD4E3DEF582','1'),('7112','71',' KOTA TOMOHON','2CC5EAFB-C485-449A-B876-49F2F55C4C84','1'),('7201','72',' KABUPATEN BANGGAI','1F8F7F8D-BBCD-4BCB-819F-C4F39C30FFB0','1'),('7202','72',' KABUPATEN BANGGAI KEPULAUAN','A18744A0-655F-4804-958C-6E35A2BFA76C','1'),('7203','72',' KABUPATEN BUOL','3F4E1F66-E8BE-4E32-9AEF-77C9B05EE8DC','1'),('7204','72',' KABUPATEN DONGGALA','CA6017DE-22FA-46F3-B56A-453F40D59B18','1'),('7205','72',' KABUPATEN MOROWALI','D18B33CA-3DC2-45C8-B33F-D2820724FC4B','1'),('7206','72',' KABUPATEN PARIGI MUOTONG','4EB18B5B-5DBB-40F3-B181-204D285F6F38','1'),('7207','72',' KABUPATEN POSO','E966F40A-12E1-498D-A521-7EE7A665C271','1'),('7208','72',' KABUPATEN TOJO UNA-UNA','CB1D7AE6-14FC-45E4-986E-69385B496A02','1'),('7209','72',' KABUPATEN TOLI TOLI','EDC4D762-34E9-47F6-A66C-2C0399EC77B3','1'),('7210','72',' KOTA PALU','F9C20D15-7BB0-41C9-89A0-140F4E045176','1'),('7211','72',' KABUPATEN SIGI','9D2C7F48-656A-4117-AC5C-51B7FB220AB0','1'),('7301','73',' KABUPATEN BANTAENG','7EC58BA7-387B-4F42-8AF5-4A2B471338A7','1'),('7302','73',' KABUPATEN BARRU','E0B38787-AAC1-4840-AC2D-A2B304782265','1'),('7303','73',' KABUPATEN BONE','ABCBB4C2-1270-4C2A-AF87-15A4FD71D47A','1'),('7304','73',' KABUPATEN BULUKUMBA','BFA9384D-507C-4696-B416-212D0C1169CF','1'),('7305','73',' KABUPATEN ENREKANG','672F3A8A-9134-487D-87D3-9CAAB71A65BC','1'),('7306','73',' KABUPATEN GOWA','AE3A02FA-6029-4E90-87E0-D81384E9B03E','1'),('7307','73',' KABUPATEN JENEPONTO','70760008-7066-46C4-B49E-0DB3513D9842','1'),('7308','73',' KABUPATEN LUWU','DE403F5D-589B-4A2C-8E99-26DA3F0B16E7','1'),('7309','73',' KABUPATEN LUWU TIMUR','6BE1A03F-29F4-416B-8C25-E9720CEA681B','1'),('7310','73',' KABUPATEN LUWU UTARA','5C049690-4764-45C0-8FAC-DD3AC5DA43A6','1'),('7311','73',' KABUPATEN MAROS','E500E0EA-226E-4416-95B0-7B8FD9C054FA','1'),('7312','73',' KABUPATEN PANGKAJENE KEPULAUAN','353A7097-9A18-4803-BC20-338D4706225B','1'),('7313','73',' KABUPATEN PINRANG','4AD7AA7A-B899-4C18-8B0C-E6B295ADA7F2','1'),('7314','73',' KABUPATEN SELAYAR','93349E08-7C3C-41FA-91BB-CC8968023AE7','1'),('7315','73',' KABUPATEN SIDENRENG RAPPANG','05FCB1D4-85B5-417E-869A-9F1073B03273','1'),('7316','73',' KABUPATEN SINJAI','A328E49B-78FC-4FB1-AE1E-0340CAEBEB65','1'),('7317','73',' KABUPATEN SOPPENG','07BA988C-963A-4330-A86B-1C024AFD4086','1'),('7318','73',' KABUPATEN TAKALAR','05D0E8C8-59DC-4024-AA07-629B17E237BE','1'),('7319','73',' KABUPATEN TANA TORAJA','D6EECD95-CB4C-4CE4-944D-39FB5FBB5437','1'),('7320','73',' KABUPATEN WAJO','8CCB193E-E97F-4581-AAB3-B9BE9DA7102C','1'),('7321','73',' KOTA MAKASAR','8FCC2634-E53D-45AB-BA22-472DB43E4250','1'),('7322','73',' KOTA PALOPO','1EAD1C5B-2421-4DE0-99D9-8E8ABCC58D35','1'),('7323','73',' KOTA PARE PARE','FA439621-4A1A-4119-80D6-3F65C7807DB5','1'),('7401','74',' KABUPATEN BOMBANA','6DAADF0F-C46D-47EB-AF1B-89837FC4665D','1'),('7402','74',' KABUPATEN BUTON','AE1BDAF4-515C-404B-9D93-3D814414242A','1'),('7403','74',' KABUPATEN BUTON UTARA','3592C241-BF2D-4978-9B4B-5ED0C5807239','1'),('7404','74',' KABUPATEN KOLAKA','CC6CF430-F787-480E-B691-CC4EB4F5B617','1'),('7405','74',' KABUPATEN KOLAKA UTARA','6636995F-019D-475A-9363-C8C8C16C4C75','1'),('7406','74',' KABUPATEN KONAWE','C0CDD7F4-4C52-4100-A8FD-6756F0CC617D','1'),('7407','74',' KABUPATEN KONAWE SELATAN','2B92CA88-6A25-4B4C-9D2D-488F8E9B8A6D','1'),('7408','74',' KABUPATEN KONAWE UTARA','4DA77BCF-F144-4D65-9CEF-E8B21363D83F','1'),('7409','74',' KABUPATEN MUNA','E2C0D865-82EA-42A9-A013-694C3FA26A19','1'),('7410','74',' KABUPATEN WAKATOBI','B0E9F933-604A-4CA8-BD03-7DFF30AFADE5','1'),('7411','74',' KOTA BAU-BAU','7697CBCD-C238-4E33-8BCA-237E9AA1D858','1'),('7412','74',' KOTA KENDARI','72B5CE11-1C2A-4D22-9765-18339F946940','1'),('7501','75',' KABUPATEN BOALEMO','86F294C1-95C8-44B5-8B76-9B056C85600D','1'),('7502','75',' KABUPATEN BONEBOLANGO','8DECFB05-3A0B-4064-B397-2191953C24CE','1'),('7503','75',' KABUPATEN GORONTALO','D1C6B2DC-F68A-457F-BA17-4D6B2CC00557','1'),('7504','75',' KABUPATEN GORONTALO UTARA','EE1BDE79-6E3A-4A12-8BE6-0B8D9783B953','1'),('7505','75',' KABUPATEN POHUWATO','C5A68087-A2A7-41CC-A8F7-940BF4F82C8C','1'),('7506','75',' KOTA GORONTALO','573A8590-E1A6-4300-9797-232A7B17CFE4','1'),('7601','76',' KABUPATEN MAJENE','14E8F9BF-96B0-4FCB-A456-78C2A0681AA2','1'),('7602','76',' KABUPATEN MAMASA','0CA14190-F21B-4989-A37D-894C7F6C64CB','1'),('7603','76',' KABUPATEN MAMUJU','690C2E0D-C13A-40B9-8C21-7F349BC7BEF8','1'),('7604','76',' KABUPATEN MAMUJU UTARA','E6E0D56D-D126-4165-9529-49D20A781395','1'),('7605','76',' KABUPATEN POLEWALI','F810EA7E-9CFB-4D44-B102-A1E1881CC640','1'),('8101','81',' KABUPATEN BURU','FFD389CA-75DD-410E-BE76-3A6B9F77F1B2','1'),('8102','81',' KABUPATEN KEPULAUAN ARU','58728687-5057-4F62-B7F2-093E8B4B93A0','1'),('8103','81',' KABUPATEN MALUKU TENGAH','38F03DF1-60CE-4EBA-B9C0-88F6A2498D5C','1'),('8104','81',' KABUPATEN MALUKU TENGGARA','0DD297A2-20F9-434A-A1D2-F32A9C6F367C','1'),('8105','81',' KABUPATEN MALUKU TENGGARA BARAT','83FA3BB4-2D4B-443C-8888-BAC8C0E70FDC','1'),('8106','81',' KABUPATEN SERAM BAGIAN BARAT','8374066F-5F14-4E36-B1AF-F941419AC3BE','1'),('8107','81',' KABUPATEN SERAM BAGIAN TIMUR','A3403C3F-9946-4CF6-B7FD-A8D368CB4E85','1'),('8108','81',' KOTA AMBON','E07F2F35-7F76-481A-A560-9A0C15ECC5BB','1'),('8201','82',' KABUPATEN HALMAHERA BARAT','9124F171-ED75-4532-8B11-EE214E73A788','1'),('8202','82',' KABUPATEN HALMAHERA SELATAN','546FA9E9-A274-4109-8DD2-913DA9E08E17','1'),('8203','82',' KABUPATEN HALMAHERA TENGAH','2F967266-7B32-42D7-A518-2FDEC6D15B96','1'),('8204','82',' KABUPATEN HALMAHERA TIMUR','B5E90A4A-FAEB-46B4-ACB2-F1254A8C2A75','1'),('8205','82',' KABUPATEN HALMAHERA UTARA','345DE34C-B967-445E-873C-3C90CC1F19F7','1'),('8206','82',' KABUPATEN KEPULAUAN SULA','53ABA98C-9B9A-4E90-BB7D-0A6DE94F4430','1'),('8207','82',' KOTA TERNATE','7FD71A60-41EE-46E6-AC94-E80C4F0BEF67','1'),('8208','82',' KOTA TIDORE KEPULAUAN','0AB5537F-2F67-4B4C-B20F-1E523667BE06','1'),('9101','91',' KABUPATEN BIAK NUMFOR','2EEB76D9-25DF-407B-A088-D9E74DB5E759','1'),('9102','91',' KABUPATEN BOVEN DIGUL','01149390-61C3-4582-AD1D-676B16DCA9C1','1'),('9103','91',' KABUPATEN JAYA PURA','21ACE8E5-634F-49C2-A54A-C1DA7317D2CA','1'),('9104','91',' KABUPATEN JAYAWIJAYA','DEFC1976-708A-444F-8853-F59DBC3E7CF4','1'),('9105','91',' KABUPATEN KEEROM','A06FB72C-304C-4D82-8A41-83F42E5D9F8A','1'),('9106','91',' KABUPATEN MAPPI','B4046F20-CBE9-4187-BA3E-7D7BA7DA1ABF','1'),('9107','91',' KABUPATEN MARAUKE','7CDD01CE-7C2B-4953-8A82-749E05BE605D','1'),('9108','91',' KABUPATEN MIMIKA','9FA0E1A4-C702-40DC-AD73-3C99F1B0AFAE','1'),('9109','91',' KABUPATEN NABIRE','DFCDD468-F7EA-4439-BBB1-5BFBA423A82B','1'),('9110','91',' KABUPATEN PANIAI','AF91BAE1-37AB-476F-8B1F-EE0E3ED39A48','1'),('9111','91',' KABUPATEN PEGUNUNGAN BINTANG','FF3382E3-78C0-4887-9DE1-FF095DD9CAC1','1'),('9112','91',' KABUPATEN PUNCAK JAYA','9A692AD0-FF4E-4CAE-8876-4066AE897DC9','1'),('9113','91',' KABUPATEN SARMI','941A7CC9-B898-4695-8416-78FC03EC8E0F','1'),('9114','91',' KABUPATEN SUPIORI','0F50266E-050A-4344-80AF-B0DE75A3AC31','1'),('9115','91',' KABUPATEN TOLIKARA','5F0E1DDA-A693-4BCD-AB50-7BBCF6C37D50','1'),('9116','91',' KABUPATEN WAROPEN','1D9DCAF2-3F63-4350-996B-F2644363876B','1'),('9117','91',' KABUPATEN YAHUKIMO','7A85CD59-74D6-4560-939E-6FC20655A199','1'),('9119','91',' KOTA JAYAPURA','D6F278ED-2BCF-491A-8285-AF3459CA6F8E','1'),('9120','91',' KABUPATEN ASMAT','B3716879-5778-4A0C-912E-22200EB656DB','1'),('9121','91',' KABUPATEN DOGIYAI','FBD86611-AB5B-4981-BEB3-4A4DBB60EF9E','1'),('9122','91',' KABUPATEN KEPULAUAN YAPEN','4A56FAF4-141B-4879-AA96-6A62140B17D5','1'),('9123','91',' KABUPATEN LANNY JAYA','B84A9635-7D59-41D6-9ABE-0DF83CDFEC2F','1'),('9125','91',' KABUPATEN PUNCAK','20FD9F4F-DED9-48E0-ADAC-CE413EAC6390','1'),('9201','92',' KABUPATEN FAK-FAK','7B06F73F-1171-452B-A389-ED86DE6AF5AF','1'),('9202','92',' KABUPATEN KAIMANA','20F12098-5362-4A41-8DA9-9A1266D579E9','1'),('9203','92',' KABUPATEN MANOKWARI','EC544E3A-7B56-48B3-9093-B96F9A928ED5','1'),('9204','92',' KABUPATEN RAJA AMPAT','373BCBA3-A165-4499-B5B6-5661A56D8D94','1'),('9205','92',' KABUPATEN SORONG','0D8EB20C-CA3D-4F5A-AF31-7885A38AEE4D','1'),('9206','92',' KABUPATEN SORONG SELATAN','C5484CF9-A524-46EF-9F4C-4ED656D2096B','1'),('9207','92',' KABUPATEN TELUK BINTUNI','4FC07F74-67A7-439B-8802-C535B68A48F9','1'),('9208','92',' KABUPATEN TELUK WONDAMA','D3A3D02F-B447-405F-A830-9838483356D3','1'),('9209','92',' KOTA SORONG','1FA709E5-20ED-4BEA-96A8-D2D53E214E12','1'),('98999','98',' Lain-Lain','9B7DB691-4779-4E31-9FF9-FE47061337D3','1');
/*!40000 ALTER TABLE `kota` ENABLE KEYS */;
UNLOCK TABLES;

--
-- Table structure for table `propinsi`
--

DROP TABLE IF EXISTS `propinsi`;
/*!40101 SET @saved_cs_client     = @@character_set_client */;
/*!40101 SET character_set_client = utf8 */;
CREATE TABLE `propinsi` (
  `kode_propinsi` char(3) NOT NULL,
  `propinsi` varchar(50) DEFAULT NULL,
  `StsData` char(1) DEFAULT NULL,
  PRIMARY KEY (`kode_propinsi`)
) ENGINE=InnoDB DEFAULT CHARSET=latin1;
/*!40101 SET character_set_client = @saved_cs_client */;

--
-- Dumping data for table `propinsi`
--

LOCK TABLES `propinsi` WRITE;
/*!40000 ALTER TABLE `propinsi` DISABLE KEYS */;
INSERT INTO `propinsi` VALUES ('00','No Data','1'),('11','D.I. ACEH','1'),('12','SUMATERA UTARA','1'),('13','SUMATERA BARAT','1'),('14','RIAU','1'),('15','JAMBI','1'),('16','SUMATERA SELATAN','1'),('17','BENGKULU','1'),('18','LAMPUNG','1'),('19','KEP BANGKA BELITUNG','1'),('21','KEPULAUAN RIAU','1'),('31','D.K.I. JAKARTA','1'),('32','JAWA BARAT','1'),('33','JAWA TENGAH','1'),('34','D.I. YOGYAKARTA','1'),('35','JAWA TIMUR','1'),('36','BANTEN','1'),('51','BALI','1'),('52','NUSA TENGGARA BARAT','1'),('53','NUSA TENGGARA TIMUR','1'),('61','KALIMANTAN BARAT','1'),('62','KALIMANTAN TENGAH','1'),('63','KALIMANTAN SELATAN','1'),('64','KALIMANTAN TIMUR','1'),('71','SULAWESI UTARA','1'),('72','SULAWESI TENGAH','1'),('73','SULAWESI SELATAN','1'),('74','SULAWESI TENGGARA','1'),('75','GORONTALO','1'),('76','SULAWESI BARAT','1'),('81','MALUKU','1'),('82','MALUKU UTARA','1'),('83','TIMOR TIMUR','0'),('91','PAPUA BARAT','1'),('92','PAPUA TENGAH','1'),('93','PAPUA TIMUR','1'),('94','PAPUA','1'),('98','Lain-Lain','1'),('99','LUAR NEGERI','1');
/*!40000 ALTER TABLE `propinsi` ENABLE KEYS */;
UNLOCK TABLES;

--
-- Table structure for table `t_useradmin`
--

DROP TABLE IF EXISTS `t_useradmin`;
/*!40101 SET @saved_cs_client     = @@character_set_client */;
/*!40101 SET character_set_client = utf8 */;
CREATE TABLE `t_useradmin` (
  `id_user` char(36) NOT NULL,
  `username` char(36) NOT NULL,
  `passwd` varchar(50) DEFAULT NULL,
  PRIMARY KEY (`id_user`)
) ENGINE=InnoDB DEFAULT CHARSET=latin1;
/*!40101 SET character_set_client = @saved_cs_client */;

--
-- Dumping data for table `t_useradmin`
--

LOCK TABLES `t_useradmin` WRITE;
/*!40000 ALTER TABLE `t_useradmin` DISABLE KEYS */;
INSERT INTO `t_useradmin` VALUES ('e5bdb5e6-b11e-11e3-ab33-00266cdff851','zillucks','a82fd95db10ff25dfad39f07372ebe37');
/*!40000 ALTER TABLE `t_useradmin` ENABLE KEYS */;
UNLOCK TABLES;

--
-- Table structure for table `tipe_iklan`
--

DROP TABLE IF EXISTS `tipe_iklan`;
/*!40101 SET @saved_cs_client     = @@character_set_client */;
/*!40101 SET character_set_client = utf8 */;
CREATE TABLE `tipe_iklan` (
  `id_tipe_iklan` char(1) NOT NULL DEFAULT '',
  `tipe_iklan` varchar(50) DEFAULT NULL,
  PRIMARY KEY (`id_tipe_iklan`)
) ENGINE=InnoDB DEFAULT CHARSET=latin1;
/*!40101 SET character_set_client = @saved_cs_client */;

--
-- Dumping data for table `tipe_iklan`
--

LOCK TABLES `tipe_iklan` WRITE;
/*!40000 ALTER TABLE `tipe_iklan` DISABLE KEYS */;
INSERT INTO `tipe_iklan` VALUES ('1','Tanah'),('2','Rumah');
/*!40000 ALTER TABLE `tipe_iklan` ENABLE KEYS */;
UNLOCK TABLES;
/*!40103 SET TIME_ZONE=@OLD_TIME_ZONE */;

/*!40101 SET SQL_MODE=@OLD_SQL_MODE */;
/*!40014 SET FOREIGN_KEY_CHECKS=@OLD_FOREIGN_KEY_CHECKS */;
/*!40014 SET UNIQUE_CHECKS=@OLD_UNIQUE_CHECKS */;
/*!40101 SET CHARACTER_SET_CLIENT=@OLD_CHARACTER_SET_CLIENT */;
/*!40101 SET CHARACTER_SET_RESULTS=@OLD_CHARACTER_SET_RESULTS */;
/*!40101 SET COLLATION_CONNECTION=@OLD_COLLATION_CONNECTION */;
/*!40111 SET SQL_NOTES=@OLD_SQL_NOTES */;

-- Dump completed on 2014-04-07 11:36:06
